<?xml version="1.0" encoding="UTF-8" ?>

<!DOCTYPE struts PUBLIC
        "-//Apache Software Foundation//DTD Struts Configuration 2.0//EN"
        "http://struts.apache.org/dtds/struts-2.0.dtd">

<struts>
    <package name="example" namespace="/example" extends="struts-default">
        <action name="HelloWorld" class="example.HelloWorld">
            <result name="success">/index.jsp</result>
            <result name="error">/login.jsp</result>  
        </action>
    </package>
</struts>

